https://abc.com/news/local-stations/contact-your-local-abc-station
Contact Your Local ABC Station | ABC Updates Skip to Content provider-logo browse Live TV news schedule Search try provider-logo browse Live TV news schedule - ABC Updates Contact Your Local ABC Station By ABC.com Jun 12th, 2023 Click on a location below for details on the local stations serving that area: Alabama Alaska Arizona Arkansas Bermuda California Colorado Connecticut Delaware Florida Georgia Guam Hawaii Idaho Illinois Indiana Iowa Kansas Kentucky Louisiana Maine Maryland Massachusetts Michigan Minnesota Mississippi Missouri Montana Nebraska Nevada New Hampshire New Jersey New Mexico New York North Carolina North Dakota Ohio Oklahoma Oregon Pennsylvania Puerto Rico Rhode Island South Carolina South Dakota Tennessee Texas U.S. Virgin Islands Utah Vermont Virginia Washington Washington, D.C. West Virginia Wisconsin Wyoming ALABAMA Birmingham area WBMA 800 Concourse Pkwy, Suite 200 Birmingham, Alabama 35244-1889 (205) 403-3340 www.abc3340.com Huntsville-Decatur area WAAY 1000 Monte Sano Blvd. SE Huntsville, Alabama 35801-6137 (256) 533-3131 www.waaytv.com Montgomery-Selma area WNCF 4001 Carmichael Rd Suite 100 Montgomery, Alabama 36106 (334) 271-8888 http://www.wncftv.com/ Dothan area WDHN 5274 State Highway 52 East Webb, Alabama 36376 (334) 793-1818 www.dothanfirst.com Back to Top ALASKA Anchorage area KYUR 2700 E. Tudor Anchorage, Alaska 99507 (907) 651-1313 youralaskalink.com Fairbanks area KATN 516 2nd Ave, Suite 400 Fairbanks, Alaska 99701 (907) 452-2125 www.youralaskalink.com Juneau area KJUD 175 S. Franklin St. Juneau, Alaska 99801-1802 (907) 586-3145 www.youralaskalink.com Back to Top ARIZONA Phoenix (Prescott) area KNXV 515 N 44th St Phoenix, Arizona 85258 (602) 273-1500 www.abc15.com Tucson (Sierra Vista) area KGUN 7280 E. Rosewood Street Tucson, Arizona 85710 (520) 722-5486 kgun9.com Yuma-El Centro area NECY 1965 S. Fourth Ave. Yuma, Arizona 85364 (619) 353-9990 http://yourtvfamily.com/ Back to Top ARKANSAS Little Rock-Pine Bluff area KATV 401 SOUTH MAIN LITTLE ROCK, Arkansas 72203 (501) 324-4777 http://www.katv.com/ Ft. Smith area KHOG 15 N. Church Fayetteville, Arkansas 72721 (501) 521-1010 www.khbs-khog.com Ft. Smith area KHBS 2809 Ajax Avenue, Suite 200 Rogers, Arkansas 72758 (479) 631-4029 http://www.4029tv.com Jonesboro area KAIT 472 CR 766 Jonesboro, Arkansas 72401 (870) 931-8888 www.kait8.com Back to Top BERMUDA HAMILTON - BERMUDA area ZFB Bermuda Broadcasting Co., P. O. Box HM 452 Hamilton, HM BX, Puerto Rico 99999 (441) 295-2828 bermudabroadcasting.com Back to Top CALIFORNIA Los Angeles area KABC 500 Circle 7 Drive Glendale, California 91201 (818) 863-7777 abc7.com San Francisco-Oakland-San Jose area KGO 900 Front Street San Francisco, California 94111-1450 (415) 954-7777 http://abc7news.com/ Sacramento-Stockton-Modesto area KXTV 400 Broadway Sacramento, California 95818 (916) 441-2345 http://www.news10.net/ San Diego area KGTV 4600 Air Way San Diego, California 92102 (619) 237-1010 www.10news.com Fresno-Visalia area KFSN 1777 G. Street Fresno, California 93706 (559) 442-1170 ABC30.com Santa Barbara-Santa Maria-San Luis Obispo area KEYT 730 Miramonte Dr Santa Barbara, California 93109 (805) 882-3933 www.keyt.com Monterey-Salinas area NSBW 238 John Street Salinas, California 93901 (831) 758-8888 http://www.ksbw.com/ Bakersfield area KERO 321 21st St Bakersfield, California 93301 (661) 637-2323 turnto23.com Chico-Redding area KRCR 755 AUDITORIUM DRIVE Redding, California 96001 (530) 243-7777 krcrtv.com Palm Springs area KESQ 31276 Dunham Way Thousand Palms, California 92276 (760) 773-0342 www.kesq.com Eureka area KAEF 540 E. St. Eureka, California 95501 (707) 444-2323 www.krcrtv.com Back to Top COLORADO Denver area KMGH 123 E. Speer Boulevard Denver, Colorado 80203 (303) 832-7777 www.thedenverchannel.com Colorado Springs-Pueblo area KRDO 399 S. 8th Street Colorado Springs, Colorado 80905 (719) 632-1515 www.krdo.com Grand Junction-Montrose area KJCT 2531 Blichman Avenue Grand Junction, Colorado 81505 (970) 245-8880 www.kjct8.com Back to Top CONNECTICUT Hartford & New Haven area WTNH 8 Elm Street New Haven, Connecticut 06511 (203) 784-8888 www.wtnh.com Back to Top DELAWARE Served by Pennsylvania and Maryland Back to Top FLORIDA Tampa-St. Petersburg (Sarasota) area WFTS 4045 N. Himes Avenue Tampa, Florida 33607 (813) 354-2828 www.abcactionnews.com Tampa-St. Petersburg (Sarasota) area WWSB 1477 Tenth Street Sarasota, Florida 34236 (941) 552-0777 www.mysuncoast.com Miami-Ft. Lauderdale area WPLG 3401 West Hallandale Beach Blvd Pembroke Park, Florida 33023 (954) 364-2500 www.local10.com Orlando-Daytona Beach-Melbourne area WFTV 490 E. South Street Orlando, Florida 32801 (407) 841-9000 www.wftv.com West Palm Beach-Ft. Pierce area WPBF 3970 RCA Blvd Ste 7007 Palm Beach Gardens, Florida 33410 (561) 694-2525 www.wpbf.com Jacksonville, Brunswick area WJXX 1070 E Adams Street Jacksonville, Florida 32202 (904) 354-1212 firstcoastnews.com Mobile-Pensacola (Ft. Walton) area WEAR 4990 Mobile Hwy. Pensacola, Florida 32506 (850) 456-3333 www.weartv.com Ft. Myers-Naples area WZVN 3719 Central Avenue Fort Myers, Florida 33901 (239) 939-2020 abc-7.com Tallahassee-Thomasville area WTXL 1620 Commerce Blvd. Midway, Florida 32343 (850) 893-3127 http://www.wtxl.tv Panama City area WMBB 613 Harrison Avenue Panama City, Florida 32401 (850) 769-2313 http://www.wmbb.com/ Gainesville area WCJB 6220 NW 43rd St Gainesville, Florida 32653 (352) 377-2020 http://www.wcjb.com/ Back to Top GEORGIA Atlanta area WSB 1601 W. Peachtree Street Atlanta, Georgia 30309 (404) 897-7000 www.wsbtv.com Savannah area WJCL 1375 Chatham Pkwy 3rd Fl Savannah, Georgia 31405 (912) 925-0022 www.thecoastalsource.com Augusta area WJBF 1336 Augusta West Parkway Augusta, Georgia 30909 (706) 722-6664 WJBF.com Macon area EGXA 599 Martin Luther King Jr, Blvd. Macon, Georgia 31201-3364 (478) 745-2424 http://www.newscentralga.com/ Columbus, GA area WTVM 1909 Wynnton Rd Columbus, Georgia 31906 (706) 494-5400 wtvm.com Albany, GA area EALB 1709 Stuart Avenue Albany, Georgia 31707 (229) 446-1010 http://www.walb.com/ Back to Top GUAM KTGM 1088 RK Plaza Ste. 7, Rte. 16 Barrigada Hights, Guam 96913 (671) 477-5700 www.abc7guam.com Back to Top HAWAII Honolulu area KITV 801 South King Street Honolulu, Hawaii 96813-3000 (808) 535-0400 kitv.com Back to Top IDAHO Boise area KIVI 1866 E Chisholm Dr Nampa, Idaho 83687 (208) 336-0500 6OnYourSide.com Idaho Falls-Pocatello area KIFI 1915 N. Yellowstone Hwy Idaho Falls, Idaho 83401 (208) 525-8888 www.localnews8.com Twin Falls area KSAW 834 Falls Ave. 2110 Twin Falls, Idaho 83301 (208) 336-0500 6OnYourSide.com Back to Top ILLINOIS Chicago area WLS 190 N. State Street Chicago, Illinois 60601 (312) 750-7777 www.abc7chicago.com Paducah-Cape Girardeau-Harrisburg-Mt. Vernon area WSIL 1416 Country Aire Drive Carterville, Illinois 62918 (618) 985-2333 www.wsiltv.com Champaign & Springfield-Decatur area WICD 250 S County Fair Drive Champaign, Illinois 61821 (217) 351-8500 www.wicd15.com Champaign & Springfield-Decatur area WICS 2680 East Cook Street Springfield, Illinois 62703 (217) 753-5620 www.wics.com www.wicd.com Davenport-Rhode Island-Moline area WQAD 3003 Park 16th Street Moline, Illinois 61265 (309) 764-8888 WQAD.COM Peoria-Bloomington area EEEK 2907 Springfield Rd East Peoria, Illinois 61611 (309) 698-2525 cinewsnow.com Rockford area WTVO 1917 N. Meridian Rd. Rockford, Illinois 61101 (815) 963-5413 www.mystateline.com Quincy-Hannibal-Keokuk area NHQA 301 South 36th Street Quincy, Illinois 62301 (217) 222-6200 www.connectTriStates.com Back to Top INDIANA Indianapolis area WRTV 1330 North Meridian Street Indianapolis, Indiana 46202 (317) 635-9788 www.theindychannel.com South Bend-Elkhart area WBND 53550 Generations Drive, Suite 200 South Bend, Indiana 46635 (574) 344-5500 www.abc57.com Ft. Wayne area WPTA 3401 Butler Road Ft. Wayne, Indiana 46808-3811 (260) 483-0584 http://www.indianasnewscenter.com/ Terre Haute area WAWV 10849 N. US Highway 41 Farmersburg, Indiana 47850 (812) 696-2121 www.mywabashvalley.com Back to Top IOWA Des Moines-Ames area WOI 3903 Westown Parkway West Des Moines, Iowa 50266 (515) 457-9645 www.weareiowa.com Cedar Rapids-Waterloo & Dubuque area KCRG 501 2nd Ave SE Cedar Rapids, Iowa 52401 (319) 398-8422 www.kcrg.com Back to Top KANSAS Sioux City area KCAU 625 Douglas Sioux City, Iowa 51101 (712) 277-2345 www.kcautv.com Wichita-Hutchinson Plus area KAKE 1500 N. West Street Wichita, Kansas 67203 (316) 943-4221 http://www.kake.com Topeka area KTKA 6635 NW US Hwy. 24 Topeka, Kansas 66618 (785) 582-4000 www.ktka.com Back to Top KENTUCKY Louisville area WHAS 520 West Chestnut Street Louisville, Kentucky 40202 (502) 582-7711 http://www.whas11.com/ Lexington area WTVQ 6940 Man O War Blvd. Lexington, Kentucky 40509 (859) 294-3636 www.wtvq.com Evansville area WEHT 800 Marywood Drive Henderson, Kentucky 42420 (800) 879-8542 www.news25.us Bowling Green area WBKO 2727 Russellville Road Bowling Green, Kentucky 42101-3976 (270) 781-1313 www.wbko.com Back to Top LOUISIANA New Orleans area WGNO 1 Galleria Blvd., Suite 850, Ste 850 Metairie, Louisiana 70001 (504) 525-3838 www.wgno.com Shreveport area KTBS 312 East Kings Hwy. Shreveport, Louisiana 71104 (318) 861-5800 www.ktbs.com Baton Rouge area WBRZ 1650 Highland Road Baton Rouge, Louisiana 70802-7018 (225) 387-2222 www.wbrz.com Lafayette, LA area KATC 1103 Eraste Landry Road Lafayette, Louisiana 70506 (337) 235-3333 www.katc.com Monroe-El Dorado area KAQY 1400 Oliver Road Monroe, Louisiana 71201 (318) 388-8888 http://www.kaqy11.com/ Alexandria, LA area KLAX 1811 England Dr. Alexandria, Louisiana 71303 (318) 473-0031 www.klax-tv.com Back to Top MAINE Portland-Auburn area WMTW 4 Ledgeview Drive Westbrook, Maine 04092 (207) 782-1800 www.wmtw.com Bangor area WVII 371 Target Industrial Circle Bangor, Maine 04401 (207) 945-6457 www.wvii.com Back to Top MARYLAND Baltimore area WMAR 6400 York Road Baltimore, Maryland 21212 (410) 377-2222 abc2news.com Salisbury area WMDT 202 Downtown Plaza Saslisbury, Maryland 21801 (410) 742-4747 wmdt.com Back to Top MASSACHUSETTS Boston area WCVB 5 TV Place Needham, Massachusetts 02494 (781) 449-0400 www.wcvb.com Springfield-Holyoke area WGGB 1300 Liberty St Springfield, Massachusetts 01104 (413) 733-4040 http://www.wggb.com Back to Top MICHIGAN Detroit area WXYZ 20777 West Ten Mile Road Southfield, Michigan 48037 (248) 827-7777 www.wxyz.com Grand Rapids-Kalamazoo-Battle Creek area WZZM 645 3 Mile Rd NW Grand Rapids, Michigan 49544 (616) 785-1313 www.wzzm13.com Grand Rapids-Kalamazoo-Battle Creek area WOTV 120 College SE Grand Rapids, Michigan 49503 (616) 771-9688 http://woodtv.com/ Flint-Saginaw-Bay City area WJRT 2302 Lapeer Road Flint, Michigan 48503-4281 (810) 233-3130 www.abc12.com Lansing area WLAJ 2820 E Saginaw Street Lansing, Michigan 48912 (517) 367-2123 http://www.wlns.com/category/254337/wlaj Traverse City-Cadillac area WGTU 8513 M-72 West Traverse City, Michigan 49684 (231) 995-5881 http://www.upnorthlive.com/ Marquette area WBUP 1705 Ash Street Ishpeming, Michigan 49849 (906) 204-2436 http://tv5and10.com Alpena area GBKB 1390 N. Bagley St Alpena, Michigan 49707 (989) 356-3434 http://www.wbkb11.com/ Back to Top MINNESOTA Minneapolis-St. Paul area KSTP 3415 University Avenue W. Saint Paul, Minnesota 55114-2099 (651) 646-5555 www.kstp.com La Crosse-Eau Claire area WXOW 3705 Country Road 25 La Crescent, Minnesota 55947 (507) 895-9969 http://www.wxow.com/ Duluth-Superior area WDIO 10 Observation Rd Duluth, Minnesota 55811 (218) 727-6864 www.wdio.com Rochester-Mason City-Austin area KAAL 1320 Salem Road SW Rochester, Minnesota 55902 (507) 288-7555 www.kaaltv.com Back to Top MISSISSIPPI Jackson, MS area WAPT 7616 Channel 16 Way, Maddox Road Jackson, Mississippi 39209 (601) 922-1607 wapt.com Columbus-Tupelo-West Point area ETVA 1359 Road 681 Satillo, Mississippi 38801 (662) 842-7620 http://www.wtva.com/default.aspx Biloxi-Gulfport area WLOX 208 Debuys Road Biloxi, Mississippi 39531 (228) 896-1313 wlox.com Hattiesburg-Laurel area HDAM 2362 Highway 11 Moselle Moselle, Mississippi 39459 (601) 544-4730 http://www.wdam.com/ Meridian area WTOK 815 23rd Ave Meridian, Mississippi 39301 60193141 www.wtok.com Greenwood-Greenville area WABG 849 Washington Ave. Greenville, Mississippi 38701 (662) 332-0949 wabg.com Back to Top MISSOURI St. Louis area KDNL 1215 Cole St. St. Louis, Missouri 63106 (314) 436-3030 abcstlouis.com Kansas City area KMBC 6455 Winchester Avenue Kansas City, Missouri 64133 (816) 221-9999 www.kmbc.com Springfield, MO area KSPR 999 West Sunshine Street Springfield, Missouri 65807 (417) 268-3000 http://www.kspr.com/ Columbia-Jefferson City area KMIZ 501 Business Loop 70 East Columbia, Missouri 65201 (573) 449-0917 www.abc17news.com Joplin-Pittsburg area KODE 1502 S. Cleveland Avenue Joplin, Missouri 64801 (417) 781-2345 fourstateshomepage.com St. Joseph area KQTV 4000 Faraon Street St. Joseph, Missouri 64506 (816) 364-2222 www.stjoechannel.com Ottumwa-Kirksville area KTVO 15518 US Highway 63 North Kirksville, Missouri 63501 (660) 627-3333 www.ktvotv3.com Back to Top MONTANA Missoula area KTMF 2200 Stephens Avenue Missoula, Montana 59801 (406) 542-8900 http://www.abcfoxmontana.com/ Billings area KSVI 445 S 24th Street W Billings, Montana 59102 (406) 652-4743 YourBigSky.com Butte-Bozeman, MT area KYWB 3825 Harrison Ave., Ste. B Butte, Montana 59701 (406) 782-7185 http://www.abcfoxmontana.com/ Butte-Bozeman, MT area KWYB 3825 Harrison Ave., Ste. B Butte, Montana 59701 (406) 782-7185 www.kwyb.com Great Falls area KFBB 3200 Old Havre HWY Black Eagle, Montana 59414 (406) 453-4377 www.kfbb.com Helena area KHBB 601 Euclid Ave. #A Helena, Montana 59601 (406) 453-4377 www.kfbb.com Back to Top NEBRASKA Omaha area KETV 1001 S. 10th St. Omaha, Nebraska 68108 (402) 345-7777 KETV.com Lincoln & Hastings-Krny area KLKN 3240 South 10th Street Lincoln, Nebraska 68502 (402) 434-8000 klkntv.com Lincoln & Hstngs-Kearney Plus area KHGI 1078 25 Road Axtell, Nebraska 68924 (308) 743-2494 www.nebraska.tv Rapid City area KOTA 2001 Skyline Drive Rapid City, SD 57707 (605) 394-7777 www.kotatv.com North Platte area KWNB 1078 25 Road Axtell, Nebraska 68924 (308) 743-2494 www.nebraska.tv Back to Top NEVADA Las Vegas area KTNV 3355 S Valley View Blvd. Las Vegas, Nevada 89102 (702) 876-1313 http://www.ktnv.com Reno area KOLO 4850 Ampere Dr. Reno, Nevada 89502 (775) 858-8888 WWW.KOLOTV.COM Back to Top NEW HAMPSHIRE Manchester area WMUR 100 S. Commercial St. Manchester, New Hampshire 03108 (603) 669-9999 www.wmur.com Back to Top NEW JERSEY Served by Pennsylvania and New York Back to Top NEW MEXICO Albuquerque-Santa Fe area KOAT 3801 Carlisle Blvd. NE Albuquerque, New Mexico 87107-4530 (505) 884-7777 www.koat.com Back to Top NEW YORK New York area WABC 7 Lincoln Square New York, New York 10023 (917) 260-7000 www.abc7ny.com Buffalo area WKBW 7 Broadcast Plaza Buffalo, New York 14202 (716) 845-6100 www.wkbw.com Albany-Schenectady-Troy area WTEN 341 Northern Blvd. Albany, New York 12204 (518) 436-4822 www.news10.com Rochester, NY area WHAM 4225 W. Henrietta Road Rochester, New York 14623 (585) 334-8700 13wham.com Syracuse area WSYR 5904 Bridge Street East Syracuse, New York 13057-2947 (315) 446-9999 www.9wsyr.com Binghamton area WIVT 203 INGRAHAM HILL RD BINGHAMTON, New York 13903 (607) 771-3434 NEWSCHANNEL34.COM Utica area WUTR 5956 Smith Hill Road Utica, New York 13502 (315) 797-7220 http://www.cnyhomepage.com/home Elmira area WENY 474 Old Ithaca Road Horseheads, New York 14845 (607) 739-3636 www.weny.com Watertown area WWTI 105-107 Court Street Watertown, New York 13601 (315) 785-8850 www.newswatch50.com Back to Top NORTH CAROLINA Raleigh-Durham (Fayetteville) area WTVD 411 Liberty Street Durham, North Carolina 27701 (919) 683-1111 ABC11/WTVD-TV Charlotte area WSOC 1901 N. Tryon Street Charlotte, North Carolina 28206 (704) 338-9999 www.wsoctv.com Greenville-Spartanburg-Asheville-Anderson area WLOS 110 Technology Drive Asheville, North Carolina 28803 (828) 684-1340 wlos.com Greensboro-High Point-Winston-Salem area WXLV 3500 Myer Lee Dr Winston Salem, North Carolina 27101 (336) 722-4545 abc45.com Greenville-New Bern-Washington area WCTI 225 Glenburnie Drive New Bern, North Carolina 28560 (252) 636-1212 www.wcti12.com Wilmington area WWAY 615N Front Street Wilmington, North Carolina 28401 (910) 762-8581 wwaytv3.com Back to Top NORTH DAKOTA Fargo-Valley City area WDAY 301 South 8th Street Fargo, North Dakota 58103 (701) 235-5700 wday.com Fargo-Valley City area WDAZ P.O. Box 12639 Fargo, North Dakota 58208-2639 (701) 775-2511 www.wdaz.com Minot-Bismarck-Dickinson area KBMY 1811 North 15th Street Bismarck, North Dakota 58501 (701) 223-1700 http://www.abc17.tv/ Minot-Bismarck-Dickinson (Williston) area KMCY 1811 North 15th Street Bismarck, North Dakota 58501 (701) 838-6614 http://www.abc14.tv/ Back to Top OHIO Cleveland-Akron (Canton) area WEWS 3001 Euclid Ave Cleveland, Ohio 44115 (216) 431-3400 News5Cleveland.com Columbus, OH area WSYX 1261 Dublin Road Columbus, Ohio 43215 (614) 481-6666 www.abc6onyourside.com Cincinnati area WCPO 1720 Gilbert Avenue Cincinnati, Ohio 45202 (513) 721-9900 wcpo.com Dayton area WKEF 2589 Corporate Place Miamisburg, Ohio 45342 (937) 263-4500 www.abc22now.com Toledo area WTVG 4247 Dorr Street Toledo, Ohio 43607 (419) 531-1313 http://www.13abc.com/ Youngstown area WYTV 3930 Sunset Boulevard Youngstown, Ohio 44512 (330) 782-1144 wytv.com Lima area WOHL 1424 Rice Ave. Lima, Ohio 45805 (419) 228-8835 hometownstations.com Back to Top OKLAHOMA Oklahoma City area KOCO 1300 East Britton Road Oklahoma City, Oklahoma 73131 (405) 478-3000 www.koco.com Tulsa area KTUL 3333 South 29th West Ave. Tulsa, Oklahoma 74107 (918) 445-8888 http://www.ktul.com Wichita Falls & Lawton area KSWO 1401 SE 60th Street Lawton, Oklahoma 73501 (580) 355-7000 kswo.com Back to Top OREGON Portland, OR area KATU 2153 NE Sandy Blvd Portland, Oregon 97232 (503) 231-4222 www.katu.com Eugene area KEZI 2975 Chad Drive Eugene, Oregon 97408 (541) 486-5611 www.kezi.com Medford-Klamath Falls area KDRV 1090 Knutson Avenue Medford, Oregon 97504-4164 (541) 773-1212 www.kdrv.com Bend, OR area KOHD 63090 Sherman Rd. Bend, Oregon 97701 (541) 749-5151 www.kohd.com Back to Top PENNSYLVANIA Philadelphia area WPVI 4100 City Avenue Philadelphia, Pennsylvania 19131 (215) 581-4550 www.6abc.com Pittsburgh area WTAE 400 Ardmore Boulevard Pittsburgh, Pennsylvania 15221 (412) 242-4300 www.wtae.com Harrisburg-Lancaster-Lebanon-York area WHTM 3235 Hoffman Street Harrisburg, Pennsylvania 17110 (717) 236-2727 www.abc27.com Wilkes Barre-Scranton area WNEP 16 Montage Mountain Road Moosic, Pennsylvania 18507 (570) 346-7474 www.wnep.com Johnstown-Altoona-State College area WATM 90 Lulay Street, Suite 1 Johnstown, Pennsylvania 15904 (814) 266-8088 www.abc23.com Erie area WJET 8455 Peach Street Erie, Pennsylvania 16509 (814) 864-2400 yourerie.com Back to Top PUERTO RICO Puerto Rico area WORA Ave. Gonzalez Celemente #449 Bo. Guanajibo San Juan, Puerto Rico 00680 (787) 831-5555 www.woratv.com Back to Top RHODE ISLAND Providence-New Bedford area WLNE 10 orms street providence, Rhode Island 02904 (401) 453-8000 www.abc6.com Back to Top SOUTH CAROLINA Columbia, SC area WOLO 5807 Shakespeare Road Columbia, South Carolina 29223 (803) 754-7525 www.abccolumbia.com Charleston, SC area WCIV 888 Allbritton Blvd Mt Pleasant, South Carolina 29464 (843) 881-4444 www.wciv.com Florence-Myrtle Beach area WPDE 10 University Boulevard Conway, South Carolina 29526 (843) 234-9733 carolinalive.com Back to Top SOUTH DAKOTA Sioux Falls-Mitchell area KSFY 325 S 1st Ave. Sioux Falls, South Dakota 57104 (605) 336-1300 www.ksfy.com Rapid City area KOTA 2001 Skyline Drive Rapid City, South Dakota 57701 (605) 342-2000 www.kotatv.com Back to Top TENNESSEE Nashville area WKRN 441 Murfreesboro Road Nashville, Tennessee 37210 (615) 369-7222 http://www.wkrn.com Memphis area WATN 1725 Shelby Oaks Dr., Ste. 101 Memphis, Tennessee 38134 (901) 323-2430 http://www.localmemphis.com/home Knoxville area WATE 1306 North Broadway Street Knoxville, Tennessee 37917 (865) 637-6666 www.wate.com Chattanooga area WTVC 4279 Benton Drive Chattanooga, Tennessee 37406 (423) 756-5500 www.newschannel9.com Tri-Cities, TN-VA area WKPT 222 Commerce St. Kingsport, Tennessee 37660 (423) 246-9578 www.abc19.com Jackson, TN area WBBJ 346 Muse Street Jackson, Tennessee 38301 (731) 424-4515 www.wbbjtv.com Back to Top TEXAS Dallas-Ft. Worth area WFAA 606 Young Street Dallas, Texas 75202 (214) 748-9631 www.wfaa.com Houston area KTRK 3310 Bissonnet Street Houston, Texas 77005 (713) 666-0713 www.abc13.com San Antonio area KSAT 1408 N. St. Mary's Street San Antonio, Texas 78215 (210) 351-1200 www.ksat.com Austin area KVUE 3201 Steck Ave. Austin, Texas 78757 (512) 459-6521 www.kvue.com Harlingen-Weslaco-Brownsville-McAllen area KRGV 900 East Expressway Weslaco, Texas 78596 (956) 968-5555 www.krgv.com Waco-Temple-Bryan area KXXV 1909 S. New Road Waco, Texas 76711 (254) 754-2525 www.kxxv.com El Paso area KVIA 4140 Rio Bravo St. El Paso, Texas 79902 (915) 496-7777 kvia.com Tyler-Longview (Lufkin & Nacogdoches) area KTRE 358 TV Road Pollock, Texas 75969 (409) 853-5873 www.ktre.com Tyler-Longview (Lufkin & Nacogdoches) area KLTV 105 West Ferguson Tyler, Texas 75702 (903) 597-5588 http://www.kltv.com/ Corpus Christi area KIII 5002 South Padre Island Dr. Corpus Christi, Texas 78411 (361) 986-8300 www.kiiitv.com Amarillo area KVII One Broadcast Center Amarillo, Texas 79101 (806) 373-1787 Connectamarillo.com Beaumont-Port Arthur area KBMT 525 IH-10 South Beaumont, Texas 77701 (409) 833-7512 12newsnow.com Lubbock area KAMC 7403 University Avenue Lubbock, Texas 79423 (806) 745-2345 www.everythinglubbock.com Odessa-Midland area KMID 1500 West IH-20 Odessa, TX 79763 (432) 563-2222 yourbasin.com Laredo area NGNS (aka KGNS) 120 W. Del Mar Blvd. Laredo, TX 78041 https://www.kgns.tv Sherman, TX-Ada, OK area OTEN 10 Highpoint Circle Dennison, Texas 75020 (903) 337-4000 http://www.kten.com Abilene-Sweetwater area KTXS 4420 North Clack St Abilene, Texas 79604 (325) 677-2281 www.ktxs.com San Angelo area KTXE 4420 North Clack Street Abilene, Texas 79601 (325) 677-2281 www.ktxs.com Victoria area KAVU 3808 North Navarro Victoria, Texas 77901 (361) 575-2500 http://www.crossroadstoday.com Back to Top U.S. VIRGIN ISLANDS ST. CROIX area USVI P.O. Box 24027 Christiansted, US Virgin Islands 00824-4027 (340) 718-9927 www.wcvi.tv Back to Top UTAH Salt Lake City area KTVX 2175 West 1700 South Salt Lake City, Utah 84104 (801) 975-4444 www.abc4.com Back to Top VERMONT Burlington-Plattsburgh area WVNY 298 Mountain View Drive Colchester, Vermont 05446 (802) 660-9333 www.abc22.com Back to Top VIRGINIA Norfolk-Portsmouth-Newport News area WVEC 613 Woodis Ave. Norfolk, Virginia 23510-1017 (757) 625-1313 www.wvec.com Richmond-Petersburg area WRIC 301 Arboretum Place Richmond, Virginia 23236 (804) 330-8888 www.wric.com Roanoke-Lynchburg area WSET 2320 Langhorne Road Lynchburg, Virginia 24501 (434) 528-1313 www.wset.com Harrisonburg area WHSV 50 North Main St Harrisonburg, Virginia 22802 (540) 433-9191 www.whsv.com Charlottesville area WVAW 999 2nd St. SE Charlottesville, Virginia 22902 (434) 220-1616 www.newsplex.com Back to Top WASHINGTON Seattle-Tacoma area KOMO 140 - 4th Ave. No. Seattle, Washington 98109 (206) 404-4000 KOMONews.com Spokane area KXLY 500 West Boone Ave Spokane, Washington 99201-2497 (509) 324-4000 www.kxly.com Yakima-Pasco-Richland-Kennewick area KVEW 601 North Edison Kennewick, Washington 99336 (509) 735-8369 www.kvewtv.com Yakima-Pasco-Richland-Kennewick area KAPP 114 N. 4th Street Yakima, Washington 98901 (509) 453-0351 www.kapptv.com Back to Top WASHINGTON, D.C. Washington, DC (Hagerstown) area WJLA 1100 Wilson Boulevard Arlington, Virginia 22209 (703) 236-9552 www.wjla.com Back to Top WEST VIRGINIA Charleston-Huntington area WCHS 1301 Piedmont Road Charleston, West Virginia 25301 (304) 346-5358 www.wchstv.com Wheeling-Steubenville area GTRF 96 16th Street Wheeling, West Virginia 26003 (304) 232-7777 http://wtrfabcov.com Bluefield-Beckley-Oak Hill area WOAY 7113 Legends Highway Oak Hill, West Virginia 25901 (304) 469-3361 woay.com Clarksburg-Weston area EBOY 904 W. Pike Street Clarksburg, West Virginia 26301 (304) 326-6777 http://www.wboy.com/ Back to Top WISCONSIN Milwaukee area WISN 759 N. 19th Street Milwaukee, Wisconsin 53233 (414) 342-8812 www.wisn.com Green Bay-Appleton area WBAY 115 S. Jefferson Green Bay, Wisconsin 54301 (920) 432-3331 http://www.wbay.com/ Madison area WKOW 5727 Tokay Blvd Madison, Wisconsin 53719 (608) 273-1234 www.wkow.com La Crosse-Eau Claire area WQOW 5545 Highway 93 Eau Claire, Wisconsin 54701 (715) 835-1881 www.wqow.com Wausau-Rhinelander area WAOW 1908 Grand Avenue Wausau, Wisconsin 54403 (715) 842-2251 www.waow.com Back to Top WYOMING Cheyenne-Scottsbluff-Sterling area KKTQ 2220 Dell Range Blvd. #101 Cheyenne, Wyoming 82009 (307) 237-3711 http://www.k2tv.com/ Cheyenne-Scottsbluff-Sterling area NLWY 2220 Dell Range Blvd. #101 Cheyenne, Wyoming 82009 (307) 237-3711 http://www.k2tv.com/ Casper-Riverton area KTWO 1896 Skyview Drive Casper, Wyoming 82601 (307) 237-3711 www.k2tv.com Back to Top HomeNews & BlogsContact Your Local ABC Station COMPANY ABC Updates Advertise With Us Apps Contact Us Company Info FAQ Shop Terms of Use Privacy Policy BRANDS ABC News Disney+ DisneyNOW ESPN Freeform FXNOWfx now Hulu NatGeoTV FOLLOW US YouTube Facebook Twitter Instagram Pinterest Snap LEGAL Do Not Sell or Share My Personal Information Interest-Based Ads Closed Captioning Corporate Social Responsibility Children's Online Privacy Policy Your US State Privacy Rights About Nielsen Measurement © 2023 ABC Entertainment
